study_id,title,author,year,disease,technology,samples,cells,paper_url,data_url,metadata_url,cell_types_url,summary_url,meta_programs_url,cnas_url,umap_url,cell_cycle_url,diseases,technology_raw,data_completeness,cancer_types
189.0,Tirosh et al. 2016,Tirosh,2016,Melanoma,SmartSeq2,19,4645,https://science.sciencemag.org/content/352/6282/189,https://www.dropbox.com/scl/fi/kkpn6efc71xhcftvhmv91/Data_Tirosh2016_Skin.tar.gz?rlkey=ulf28q9mfozkvfyicgum1ed14&dl=1,,study-data/cell-types/20111,study-data/comments/20111,study-data/meta-programs/20111,study-data/cnas/20111,study-data/umap/20111,study-data/cell-cycle/20111,['Melanoma'],SmartSeq2,1.0,['skin']
331.0,Filbin et al. 2018,Filbin,2018,Pediatric H3-K27M mutant glioma,SmartSeq2,7,2587,https://science.sciencemag.org/content/360/6386/331,https://www.dropbox.com/scl/fi/qv4dfn364go7snxjd9e8q/Data_Filbin2018_Brain.tar.gz?rlkey=is8ljyd5rqnnq01f2x2u4bnri&dl=1,,study-data/cell-types/20063,study-data/comments/20063,study-data/meta-programs/20063,,study-data/umap/20063,study-data/cell-cycle/20063,['Pediatric H3-K27M mutant glioma'],SmartSeq2,0.75,['brain']
594.0,Young et al. 2018,Young,2018,"Wilms tumor, ccRCC, papillary RCC",10x,66,125139,https://science.sciencemag.org/content/361/6402/594,https://www.dropbox.com/scl/fi/opewhcog3sd5nc37b9ucv/Data_Young2018_Kidney.tar.gz?rlkey=syu5qmj84agblb9vwq2mur85s&dl=1,,study-data/cell-types/20117,study-data/comments/20117,study-data/meta-programs/20117,study-data/cnas/20117,study-data/umap/20117,study-data/cell-cycle/20117,"['Wilms tumor', 'ccRCC', 'papillary RCC']",10x,1.0,['kidney']
1351.0,Miyamoto et al. 2015,Miyamoto,2015,Prostate cancer,Other,26,169,https://science.sciencemag.org/content/349/6254/1351,https://www.dropbox.com/scl/fi/ey8ye5i0fkdtl9u9aa9wp/Data_Miyamoto2015_Other-Models.tar.gz?rlkey=u2xzfxem0w4w4trnppkszpcd2&dl=1,,study-data/cell-types/20095,study-data/comments/20095,,,study-data/umap/20095,study-data/cell-cycle/20095,['Prostate cancer'],,0.5,['othermodels']
20049.0,Aynaud et al. 2020,Aynaud,2020,Ewing sarcoma,10x,14,16337,https://www.sciencedirect.com/science/article/pii/S2211124720300747,https://www.dropbox.com/scl/fi/68o4u9h8r72h6ulw4crn8/Data_Aynaud2020_Other-Models.tar.gz?rlkey=2kooqpwlayby3r1gi5hrufbsi&dl=1,,study-data/cell-types/20049,study-data/comments/20049,,,study-data/umap/20049,study-data/cell-cycle/20049,['Ewing sarcoma'],"10x, Fluidigm C1",0.5,['othermodels']
20050.0,Bi et al. 2021,Bi,2021,RCC,10x,8,34326,https://www.sciencedirect.com/science/article/pii/S1535610821001173,https://www.dropbox.com/scl/fi/35f2koc2et5o1oyi7a5nm/Data_Bi2021_Kidney.tar.gz?rlkey=olthnj9mnqu7jsb3d68jobsgr&dl=1,,study-data/cell-types/20050,study-data/comments/20050,study-data/meta-programs/20050,study-data/cnas/20050,study-data/umap/20050,study-data/cell-cycle/20050,['RCC'],10x,1.0,['kidney']
20051.0,Caron et al. 2020,Caron,2020,ALL,10x,10,37320,https://www.nature.com/articles/s41598-020-64929-x,https://www.dropbox.com/scl/fi/gn9eedqc8jw4ji5ophv2j/Data_Caron2020_Hematologic.tar.gz?rlkey=wvupwtcjfw8o49iiowm2z6ham&dl=1,,study-data/cell-types/20051,study-data/comments/20051,study-data/meta-programs/20051,study-data/cnas/20051,study-data/umap/20051,study-data/cell-cycle/20051,['ALL'],10x,1.0,['hematologic']
20052.0,Chen et al. 2020,Chen,2020,Nasopharyngeal carcinoma,10x,14,71896,https://www.nature.com/articles/s41422-020-0374-x,https://www.dropbox.com/scl/fi/xgjb48acmwxetabibq865/Data_Chen2020_Head-and-Neck.tar.gz?rlkey=sjgvdhd5habrsl05jor7e5c4t&dl=1,,study-data/cell-types/20052,study-data/comments/20052,study-data/meta-programs/20052,study-data/cnas/20052,study-data/umap/20052,study-data/cell-cycle/20052,['Nasopharyngeal carcinoma'],10x,1.0,['head-and-neck']
20053.0,Chen et al. 2021,Chen,2021,Prostate cancer,10x,13,36424,https://www.nature.com/articles/s41556-020-00613-6,https://www.dropbox.com/scl/fi/e0p4f085z1xu2esv9zm6o/Data_Chen2021_Prostate.tar.gz?rlkey=gvoiyhjhgb8e0w2nzzsndgzt6&dl=1,,study-data/cell-types/20053,study-data/comments/20053,study-data/meta-programs/20053,study-data/cnas/20053,study-data/umap/20053,study-data/cell-cycle/20053,['Prostate cancer'],10x,1.0,['prostate']
20054.0,Chung et al. 2017,Chung,2017,Breast cancer,SmartSeq2,13,515,https://www.nature.com/articles/ncomms15081,https://www.dropbox.com/scl/fi/i7ndkauo8y4ozqsiyr1xh/Data_Chung2017_Breast.tar.gz?rlkey=hcubkjhvkqjjluw8c1dcdcf8a&dl=1,,study-data/cell-types/20054,study-data/comments/20054,,,study-data/umap/20054,study-data/cell-cycle/20054,['Breast cancer'],SmartSeq2,0.5,['breast']
20055.0,Cohen et al. 2021,Cohen,2021,Multiple myeloma,Other,74,39157,https://www.nature.com/articles/s41591-021-01232-w,https://www.dropbox.com/scl/fi/gkvbe2mq3ra3o3h9q1kxr/Data_Cohen2021_Hematologic.tar.gz?rlkey=ppqa3qzpupdfzpuxs0nrst3uz&dl=1,,study-data/cell-types/20055,study-data/comments/20055,study-data/meta-programs/20055,,study-data/umap/20055,study-data/cell-cycle/20055,['Multiple myeloma'],MARS-seq,0.75,['hematologic']
20056.0,Couturier et al. 2020,Couturier,2020,GBM,10x,29,100335,https://www.nature.com/articles/s41467-020-17186-5,https://www.dropbox.com/scl/fi/49hfymw73eut0h45u6n1j/Data_Couturier2020_Brain.tar.gz?rlkey=7gksenf1sht7mkxfl98g0s9ia&dl=1,,study-data/cell-types/20056,study-data/comments/20056,study-data/meta-programs/20056,,,study-data/cell-cycle/20056,['GBM'],10x,0.5,['brain']
20058.0,Darmanis et al. 2017,Darmanis,2017,GBM,SmartSeq2,4,3589,https://www.sciencedirect.com/science/article/pii/S2211124717314626,https://www.dropbox.com/scl/fi/lwc18a3683gk0b381a8ib/Data_Darmanis2017_Brain.tar.gz?rlkey=26z95w9ezdknit7brmpqs0ewh&dl=1,,study-data/cell-types/20058,study-data/comments/20058,study-data/meta-programs/20058,study-data/cnas/20058,study-data/umap/20058,study-data/cell-cycle/20058,['GBM'],SmartSeq2,1.0,['brain']
20059.0,Dong et al. 2020,Dong,2020,Neuroblastoma,10x,13,55190,https://www.sciencedirect.com/science/article/pii/S1535610820304256,https://www.dropbox.com/scl/fi/mvb8uevn5h497cpzde4jq/Data_Dong2020_Neuroendocrine.tar.gz?rlkey=v9aiwotok87yje44stfwt8knk&dl=1,,study-data/cell-types/20059,study-data/comments/20059,study-data/meta-programs/20059,study-data/cnas/20059,study-data/umap/20059,study-data/cell-cycle/20059,['Neuroblastoma'],10x,1.0,['neuroendocrine']
20060.0,Dong et al. 2020,Dong,2020,Prostate cancer,10x,6,21292,https://www.nature.com/articles/s42003-020-01476-1,https://www.dropbox.com/scl/fi/f4foh1noqglwq2rxfw1f5/Data_Dong2020_Prostate.tar.gz?rlkey=fikh1fwgkum9l8zrc4kbi1dsi&dl=1,,study-data/cell-types/20060,study-data/comments/20060,study-data/meta-programs/20060,study-data/cnas/20060,study-data/umap/20060,study-data/cell-cycle/20060,['Prostate cancer'],10x,1.0,['prostate']
20061.0,Dost et al. 2020,Dost,2020,Lung cancer,10x,10,32661,https://www.sciencedirect.com/science/article/pii/S193459092030360X,https://www.dropbox.com/scl/fi/8ubp64zqb0u7e9dbr4ovn/Data_Dost2020_Other-Models.tar.gz?rlkey=ie2yz818drk5w2b430owc12uf&dl=1,,study-data/cell-types/20061,study-data/comments/20061,study-data/meta-programs/20061,study-data/cnas/20061,study-data/umap/20061,study-data/cell-cycle/20061,['Lung cancer'],10x,1.0,['othermodels']
20062.0,Ebinger et al. 2016,Ebinger,2016,ALL,Other,5,185,https://www.sciencedirect.com/science/article/pii/S1535610816305086,https://www.dropbox.com/scl/fi/s6ki7xzmxso1609b116g8/Data_Ebinger2016_Other-Models.tar.gz?rlkey=vofy7qzckhys3wegtyistlpq0&dl=1,,study-data/cell-types/20062,study-data/comments/20062,,,study-data/umap/20062,study-data/cell-cycle/20062,['ALL'],SMARTer,0.5,['othermodels']
20064.0,Franses et al. 2017,Franses,2017,IPMN/PDAC,Other,3,34,https://theoncologist.onlinelibrary.wiley.com/doi/full/10.1634/theoncologist.2017-0234,https://www.dropbox.com/scl/fi/jrosrxv1xtiaqzr2yk73m/Data_Franses2017_Other-Models.tar.gz?rlkey=z935diurukjjzydqcxyy4b6a5&dl=1,,study-data/cell-types/20064,study-data/comments/20064,,,study-data/umap/20064,,['IPMN/PDAC'],,0.25,['othermodels']
20065.0,Franses et al. 2020,Franses,2020,PDAC,10x,4,81,https://www.nature.com/articles/s41467-020-17150-3,https://www.dropbox.com/scl/fi/mnp8g5smu9in3dikgyx7u/Data_Franses2020_Other-Models.tar.gz?rlkey=im1pvi1kvs2x7d4atpu3byyze&dl=1,,study-data/cell-types/20065,study-data/comments/20065,,,study-data/umap/20065,study-data/cell-cycle/20065,['PDAC'],10x,0.5,['othermodels']
20066.0,Gaiti et al. 2019,Gaiti,2019,CLL,SmartSeq2,8,720,https://www.nature.com/articles/s41586-019-1198-z,https://www.dropbox.com/scl/fi/memseaobk0zh72iftl0yp/Data_Gaiti2019_Hematologic.tar.gz?rlkey=04jtbbjzd3fqrqlvueicscz8x&dl=1,,study-data/cell-types/20066,study-data/comments/20066,,,study-data/umap/20066,study-data/cell-cycle/20066,['CLL'],SmartSeq2,0.5,['hematologic']
20067.0,Galen et al. 2019,Galen,2019,AML,Other,37,33392,https://www.sciencedirect.com/science/article/pii/S0092867419300947,https://www.dropbox.com/scl/fi/k7emrfdmmtw1gmm5kmv0x/Data_Galen2019_Hematologic.tar.gz?rlkey=cpxknyzv03fjy3c570i1dya7s&dl=1,,study-data/cell-types/20067,study-data/comments/20067,study-data/meta-programs/20067,study-data/cnas/20067,study-data/umap/20067,study-data/cell-cycle/20067,['AML'],SeqWell,1.0,['hematologic']
20068.0,Gao et al. 2021,Gao,2021,Breast cancer,10x,11,29992,https://www.nature.com/articles/s41587-020-00795-2,https://www.dropbox.com/scl/fi/xx9nxos1pcucocb7hl776/Data_Gao2021_Breast.tar.gz?rlkey=x5ujg573e5plq9m2t705kuxwh&dl=1,,study-data/cell-types/20068,study-data/comments/20068,study-data/meta-programs/20068,study-data/cnas/20068,study-data/umap/20068,study-data/cell-cycle/20068,['Breast cancer'],10x,1.0,['breast']
20069.0,Giustacchini et al. 2017,Giustacchini,2017,CML,Other,42,2287,https://www.nature.com/articles/nm.4336,https://www.dropbox.com/scl/fi/te7g8rh5tipx3srl4e66l/Data_Giustacchini2017_Hematologic.tar.gz?rlkey=hhjc8kmhycfbw619s7peb2saq&dl=1,,study-data/cell-types/20069,study-data/comments/20069,study-data/meta-programs/20069,,study-data/umap/20069,study-data/cell-cycle/20069,['CML'],HiSeq 2000,0.75,['hematologic']
20070.0,Gojo et al. 2020,Gojo,2020,Pediatric ependymoma,SmartSeq2,25,6739,https://www.sciencedirect.com/science/article/pii/S1535610820303081,https://www.dropbox.com/scl/fi/feacq5t81em3c13hue31p/Data_Gojo2020_Brain.tar.gz?rlkey=r0jgfnutl5qyo1lsp77hdxoy2&dl=1,,study-data/cell-types/20070,study-data/comments/20070,study-data/meta-programs/20070,study-data/cnas/20070,study-data/umap/20070,study-data/cell-cycle/20070,['Pediatric ependymoma'],SmartSeq2,1.0,['brain']
20071.0,Hovestadt et al. 2019,Hovestadt,2019,Medulloblastoma,SmartSeq2,36,8691,https://www.nature.com/articles/s41586-019-1434-6,https://www.dropbox.com/scl/fi/ymvxdrtcq7vt6y5gan5y1/Data_Hovestadt2019_Brain.tar.gz?rlkey=la28fnrkrpq4l7nu9h6vd5k7b&dl=1,,study-data/cell-types/20071,study-data/comments/20071,,,study-data/umap/20071,study-data/cell-cycle/20071,['Medulloblastoma'],SmartSeq2,0.5,['brain']
20072.0,Ireland et al. 2020,Ireland,2020,SCLC,10x,12,31258,https://www.sciencedirect.com/science/article/pii/S153561082030218X,https://www.dropbox.com/scl/fi/8b4p8d551dv9wp0mt4blg/Data_Ireland2020_Lung.tar.gz?rlkey=xidxajfu4ynnbl6f3lw9owqlm&dl=1,,study-data/cell-types/20072,study-data/comments/20072,,,study-data/umap/20072,,['SCLC'],10x,0.25,['lung']
20073.0,Izar et al. 2020,Izar,2020,HGSOC,10x,14,10788,https://www.nature.com/articles/s41591-020-0926-0,https://www.dropbox.com/scl/fi/hrnswpi1hvk585y6dbubh/Data_Izar2020_Ovarian.tar.gz?rlkey=91o4x8scuoa8vbn2t6tn2qxx5&dl=1,,study-data/cell-types/20073,study-data/comments/20073,study-data/meta-programs/20073,study-data/cnas/20073,study-data/umap/20073,study-data/cell-cycle/20073,['HGSOC'],"10x, SmartSeq2",1.0,['ovarian']
20074.0,Jansky et al. 2021,Jansky,2021,Neuroblastoma,10x,14,64769,https://www.nature.com/articles/s41588-021-00806-1,https://www.dropbox.com/scl/fi/3hm4meeu8q0qz9d2e1eaw/Data_Jansky2021_Neuroendocrine.tar.gz?rlkey=ro65d230ippkd00za1js1wcy0&dl=1,,study-data/cell-types/20074,study-data/comments/20074,study-data/meta-programs/20074,study-data/cnas/20074,study-data/umap/20074,study-data/cell-cycle/20074,['Neuroblastoma'],10x,1.0,['neuroendocrine']
20075.0,Jansky et al. 2021,Jansky,2021,Neuroblastoma,Other,4,4028,https://www.nature.com/articles/s41588-021-00806-1,https://www.dropbox.com/scl/fi/3v2om2w8l2z1jd6lucqal/Data_Jansky2021_Other-Models.tar.gz?rlkey=ul6914ly9itm7isr40hluna01&dl=1,,study-data/cell-types/20075,study-data/comments/20075,,,study-data/umap/20075,study-data/cell-cycle/20075,['Neuroblastoma'],MARS-seq,0.5,['othermodels']
20076.0,Jerby-Arnon et al. 2018,Jerby-Arnon,2018,Melanoma,SmartSeq2,32,7186,https://www.ncbi.nlm.nih.gov/pmc/articles/PMC6410377/,https://www.dropbox.com/scl/fi/qq8e5zo71y4sr92a4gyh4/Data_Jerby-Arnon2018_Skin.tar.gz?rlkey=fcg33knlctj2hgg3l9ruj5ev4&dl=1,,study-data/cell-types/20076,study-data/comments/20076,study-data/meta-programs/20076,study-data/cnas/20076,study-data/umap/20076,study-data/cell-cycle/20076,['Melanoma'],SmartSeq2,1.0,['skin']
20077.0,Jerby-Arnon et al. 2021,Jerby-Arnon,2021,Synovial sarcoma,10x,15,16125,https://www.nature.com/articles/s41591-020-01212-6,https://www.dropbox.com/scl/fi/bewdifp9qwt8ie8iek5ct/Data_Jerby-Arnon2021_Sarcoma.tar.gz?rlkey=6ajnrr81f3ep1jfqqot498qmo&dl=1,,study-data/cell-types/20077,study-data/comments/20077,study-data/meta-programs/20077,study-data/cnas/20077,study-data/umap/20077,study-data/cell-cycle/20077,['Synovial sarcoma'],"10x, SmartSeq2",1.0,['sarcoma']
20078.0,Ji et al. 2020,Ji,2020,Skin SCC,10x,10,48164,https://www.sciencedirect.com/science/article/pii/S0092867420306723,https://www.dropbox.com/scl/fi/2kcwh0bzbclatj6zcla20/Data_Ji2020_Skin.tar.gz?rlkey=f8tats8jgaf481gfddcas4vhm&dl=1,,study-data/cell-types/20078,study-data/comments/20078,study-data/meta-programs/20078,study-data/cnas/20078,study-data/umap/20078,study-data/cell-cycle/20078,['Skin SCC'],10x,1.0,['skin']
20079.0,Jordan et al. 2016,Jordan,2016,Breast cancer,Other,2,74,https://www.nature.com/articles/nature19328,https://www.dropbox.com/sh/phkw22dvjafh16y/AACH_9_1nCb4hD4WrtB2SWwoa?dl=1,,study-data/cell-types/20079,study-data/comments/20079,,,study-data/umap/20079,,['Breast cancer'],,0.25,['breast']
20080.0,Karaayvas et al. 2018,Karaayvas,2018,Breast cancer,SmartSeq2,6,1534,https://www.nature.com/articles/s41467-018-06052-0,https://www.dropbox.com/scl/fi/txgn2ohzznh9w5snko8kf/Data_Karaayvas2018_Breast.tar.gz?rlkey=5k0rrkbjs8hf3ffmvfu7j46vr&dl=1,,study-data/cell-types/20080,study-data/comments/20080,study-data/meta-programs/20080,,study-data/umap/20080,study-data/cell-cycle/20080,['Breast cancer'],SmartSeq2,0.75,['breast']
20081.0,Kildisiute et al. 2021,Kildisiute,2021,Neuroblastoma,10x,21,19723,https://advances.sciencemag.org/node/248364.full,https://www.dropbox.com/scl/fi/lgiahzdgvt92wf1x2bqy7/Data_Kildisiute2021_Neuroendocrine.tar.gz?rlkey=anls2ppfe86b6tsj36w9xu10k&dl=1,,study-data/cell-types/20081,study-data/comments/20081,study-data/meta-programs/20081,study-data/cnas/20081,study-data/umap/20081,study-data/cell-cycle/20081,['Neuroblastoma'],"10x, CEL-seq2",1.0,['neuroendocrine']
20082.0,Kim et al. 2020,Kim,2020,Lung adenocarcinoma,10x,14,32493,https://www.nature.com/articles/s41467-020-16164-1,https://www.dropbox.com/scl/fi/n3hg4fj9bth2tkroej6t2/Data_Kim2020_Lung.tar.gz?rlkey=fxabtlt57pexdj7hdhvddzyjx&dl=1,,study-data/cell-types/20082,study-data/comments/20082,study-data/meta-programs/20082,study-data/cnas/20082,study-data/umap/20082,study-data/cell-cycle/20082,['Lung adenocarcinoma'],10x,1.0,['lung']
20083.0,Kinker et al. 2020,Kinker,2020,CCLE collection,10x,198,53513,https://www.nature.com/articles/s41588-020-00726-6,https://www.dropbox.com/scl/fi/s60dowa5uk5dx3xar9svz/Data_Kinker2020_Other-Models.tar.gz?rlkey=5qwosd9dydjxqlv4ld0sk2tw6&dl=1,,,study-data/comments/20083,,,,study-data/cell-cycle/20083,['CCLE collection'],10x,0.25,['othermodels']
20084.0,Laughney et al. 2020,Laughney,2020,Lung cancer,10x,17,40505,https://www.nature.com/articles/s41591-019-0750-6,https://www.dropbox.com/scl/fi/idlzf638lbwtejs3oruoe/Data_Laughney2020_Lung.tar.gz?rlkey=wu1a2fbj2n4iyya5mf2q1on1b&dl=1,,study-data/cell-types/20084,study-data/comments/20084,study-data/meta-programs/20084,study-data/cnas/20084,study-data/umap/20084,study-data/cell-cycle/20084,['Lung cancer'],10x,1.0,['lung']
20085.0,Ledergor et al. 2018,Ledergor,2018,Multiple myeloma,Other,42,51840,https://www.nature.com/articles/s41591-018-0269-2,https://www.dropbox.com/scl/fi/boonkpfhe1bfk7tcpry8o/Data_Ledergor2018_Hematologic.tar.gz?rlkey=gpbg39q8kw1h89a0nbw38enqm&dl=1,,study-data/cell-types/20085,study-data/comments/20085,study-data/meta-programs/20085,,study-data/umap/20085,study-data/cell-cycle/20085,['Multiple myeloma'],MARS-seq,0.75,['hematologic']
20086.0,Lee et al. 2020,Lee,2020,CRC,10x,15,21657,https://www.nature.com/articles/s41588-020-0636-z,https://www.dropbox.com/scl/fi/6s8wo5wc311g5koz2nyep/Data_Lee2020_Colorectal.tar.gz?rlkey=lqfq6llcul4ghvhhl3ytxzk04&dl=1,,study-data/cell-types/20086,study-data/comments/20086,study-data/meta-programs/20086,study-data/cnas/20086,study-data/umap/20086,study-data/cell-cycle/20086,['CRC'],10x,1.0,['colorectal']
20087.0,Li et al. 2017,Li,2017,CRC,SmartSeq2,18,590,https://www.nature.com/articles/ng.3818,https://www.dropbox.com/scl/fi/n9x8x9rio3fwhtkt0pwrr/Data_Li2017_Colorectal.tar.gz?rlkey=874vywk3fcniwgut4rsmlr56s&dl=1,,study-data/cell-types/20087,study-data/comments/20087,,,study-data/umap/20087,study-data/cell-cycle/20087,['CRC'],SmartSeq2,0.5,['colorectal']
20088.0,Ligorio et al. 2019,Ligorio,2019,PDAC,Other,4,93,https://www.sciencedirect.com/science/article/pii/S0092867419305100,https://www.dropbox.com/scl/fi/p3lbsseodwwf5l8jc2t4s/Data_Ligorio2019_Other-Models.tar.gz?rlkey=5eydgzedq3rsso3kp33l0ep59&dl=1,,study-data/cell-types/20088,study-data/comments/20088,,,study-data/umap/20088,study-data/cell-cycle/20088,['PDAC'],SMARTer,0.5,['othermodels']
20089.0,Lin et al. 2020,Lin,2020,PDAC,10x,16,14926,https://genomemedicine.biomedcentral.com/articles/10.1186/s13073-020-00776-9,https://www.dropbox.com/scl/fi/2vla8ougqgjftuo97laqc/Data_Lin2020_Pancreas.tar.gz?rlkey=8w2esp4rsi48nbfjlt35vyrd1&dl=1,,study-data/cell-types/20089,study-data/comments/20089,study-data/meta-programs/20089,study-data/cnas/20089,study-data/umap/20089,study-data/cell-cycle/20089,['PDAC'],10x,1.0,['pancreas']
20090.0,Liu et al. 2021,Liu,2021,Multiple myeloma,10x,24,74986,https://www.nature.com/articles/s41467-021-22804-x,https://www.dropbox.com/scl/fi/p5kbhywnj1wbu6wh6y4tk/Data_Liu2021_Hematologic.tar.gz?rlkey=3k400szp8w4q37evxy77sges8&dl=1,,study-data/cell-types/20090,study-data/comments/20090,study-data/meta-programs/20090,study-data/cnas/20090,study-data/umap/20090,study-data/cell-cycle/20090,['Multiple myeloma'],10x,1.0,['hematologic']
20091.0,Ma et al. 2019,Ma,2019,HCC/iCCA,10x,8,3018,http://www.sciencedirect.com/science/article/pii/S1535610819303757,https://www.dropbox.com/scl/fi/vi8969rnsgxb7o2a0mr31/Data_Ma2019_Liver-Biliary.tar.gz?rlkey=0okv3bqvggk1bi6l7ov014qfv&dl=1,,study-data/cell-types/20091,study-data/comments/20091,study-data/meta-programs/20091,study-data/cnas/20091,study-data/umap/20091,study-data/cell-cycle/20091,['HCC/iCCA'],10x,1.0,['liverbiliary']
20092.0,Massalha et al. 2020,Massalha,2020,"Liver metastases (CRC, Cholangiocarcinoma)",10x,5,1354,https://www.embopress.org/doi/full/10.15252/msb.20209682,https://www.dropbox.com/scl/fi/e6r6az3hy6z3el2h1stii/Data_Massalha2020_Other-Models.tar.gz?rlkey=mdw0mjcbyfz9sav6c0lm9frjb&dl=1,,study-data/cell-types/20092,study-data/comments/20092,,,study-data/umap/20092,study-data/cell-cycle/20092,"['Liver metastases (CRC', 'Cholangiocarcinoma)']",10x,0.5,['othermodels']
20093.0,Maynard et al. 2020,Maynard,2020,Lung cancer,SmartSeq2,50,19777,https://www.sciencedirect.com/science/article/pii/S0092867420308825,https://www.dropbox.com/scl/fi/py7z9tgjdp1m3aw2zop7x/Data_Maynard2020_Lung.tar.gz?rlkey=rirsnfhqus3indqpp5g02ce1u&dl=1,,study-data/cell-types/20093,study-data/comments/20093,study-data/meta-programs/20093,study-data/cnas/20093,study-data/umap/20093,study-data/cell-cycle/20093,['Lung cancer'],SmartSeq2,1.0,['lung']
20094.0,Mercatelli et al. 2021,Mercatelli,2021,Neuroblastoma,10x,2,2067,https://www.mdpi.com/2218-273X/11/2/177/htm,https://www.dropbox.com/scl/fi/ofjrjllocc8wkxrcs17b7/Data_Mercatelli2021_Other-Models.tar.gz?rlkey=8s3ibsq36k4kj1dev9pk3vnyt&dl=1,,study-data/cell-types/20094,study-data/comments/20094,,,study-data/umap/20094,study-data/cell-cycle/20094,['Neuroblastoma'],10x,0.5,['othermodels']
20096.0,Moncada et al. 2020,Moncada,2020,PDAC,inDrop,2,3659,https://www.nature.com/articles/s41587-019-0392-8,https://www.dropbox.com/scl/fi/t1gy3yff6u4gazex1zhuc/Data_Moncada2020_Pancreas.tar.gz?rlkey=q7u8g5n8fdrumqz72owvdwae0&dl=1,,study-data/cell-types/20096,study-data/comments/20096,study-data/meta-programs/20096,study-data/cnas/20096,study-data/umap/20096,study-data/cell-cycle/20096,['PDAC'],inDrop,1.0,['pancreas']
20097.0,Nam et al. 2019,Nam,2019,Myeloproliferative neoplasms,10x,10,31703,https://www.nature.com/articles/s41586-019-1367-0,https://www.dropbox.com/scl/fi/f4cnt9z2gx7e7ctsf3sdr/Data_Nam2019_Hematologic.tar.gz?rlkey=fx7xa2sr8yjaan4p6kjm9037r&dl=1,,study-data/cell-types/20097,study-data/comments/20097,study-data/meta-programs/20097,study-data/cnas/20097,study-data/umap/20097,study-data/cell-cycle/20097,['Myeloproliferative neoplasms'],10x,1.0,['hematologic']
20098.0,Nath et al. 2021,Nath,2021,HGSOC,10x,18,41729,https://www.nature.com/articles/s41467-021-23171-3,https://www.dropbox.com/scl/fi/66cf245aafezdh24ei9r1/Data_Nath2021_Ovarian.tar.gz?rlkey=1pw4v49dnqjq8291gw8ybo1oz&dl=1,,study-data/cell-types/20098,study-data/comments/20098,study-data/meta-programs/20098,study-data/cnas/20098,study-data/umap/20098,study-data/cell-cycle/20098,['HGSOC'],"10x, iCell8",1.0,['ovarian']
20099.0,Neftel et al. 2019,Neftel,2019,GBM,SmartSeq2,38,24131,https://www.sciencedirect.com/science/article/pii/S0092867419306877,https://www.dropbox.com/scl/fi/xflvflx73kbug76u6a955/Data_Neftel2019_Brain.tar.gz?rlkey=o8yru9vryof2ndpa0old3rhn1&dl=1,,study-data/cell-types/20099,study-data/comments/20099,study-data/meta-programs/20099,study-data/cnas/20099,study-data/umap/20099,study-data/cell-cycle/20099,['GBM'],SmartSeq2,1.0,['brain']
20100.0,Obradovic et al. 2021,Obradovic,2021,RCC,10x,8,19781,https://www.sciencedirect.com/science/article/pii/S0092867421005730,https://www.dropbox.com/scl/fi/id6f5f2w439mzi6jar92z/Data_Obradovic2021_Kidney.tar.gz?rlkey=z29ke0ou9vjiv1p7a5hrct8z8&dl=1,,study-data/cell-types/20100,study-data/comments/20100,study-data/meta-programs/20100,study-data/cnas/20100,study-data/umap/20100,study-data/cell-cycle/20100,['RCC'],10x,1.0,['kidney']
20101.0,Olalekan et al. 2021,Olalekan,2021,Ovarian,Other,6,9885,https://www.sciencedirect.com/science/article/pii/S2211124721005076,https://www.dropbox.com/scl/fi/pcv405q49ajdckwtsl8lg/Data_Olalekan2021_Ovarian.tar.gz?rlkey=pmdrkvffv2wwcm1yqzzv0k79r&dl=1,,study-data/cell-types/20101,study-data/comments/20101,study-data/meta-programs/20101,study-data/cnas/20101,study-data/umap/20101,study-data/cell-cycle/20101,['Ovarian'],Drop-seq,1.0,['ovarian']
20102.0,Pal et al. 2021,Pal,2021,Breast cancer,10x,45,305224,https://www.embopress.org/doi/full/10.15252/embj.2020107333,https://www.dropbox.com/scl/fi/dpiypomhd99et0fbvkffd/Data_Pal2021_Breast.tar.gz?rlkey=li9ck5csjtsisn3dq19po1ii6&dl=1,,study-data/cell-types/20102,study-data/comments/20102,study-data/meta-programs/20102,study-data/cnas/20102,study-data/umap/20102,study-data/cell-cycle/20102,['Breast cancer'],10x,1.0,['breast']
20103.0,Peng et al. 2019,Peng,2019,PDAC,10x,16,27953,https://www.nature.com/articles/s41422-019-0195-y,https://www.dropbox.com/scl/fi/q0skgmowh7ew27xy6fokj/Data_Peng2019_Pancreas.tar.gz?rlkey=sd8xw1o3zk7n7xz09dz5w6oip&dl=1,,study-data/cell-types/20103,study-data/comments/20103,study-data/meta-programs/20103,study-data/cnas/20103,study-data/umap/20103,study-data/cell-cycle/20103,['PDAC'],10x,1.0,['pancreas']
20104.0,Puram et al. 2017,Puram,2017,HNSCC,SmartSeq2,18,5902,https://www.sciencedirect.com/science/article/pii/S0092867417312709,https://www.dropbox.com/scl/fi/7o15xy78muc6qktl436v5/Data_Puram2017_Head-and-Neck.tar.gz?rlkey=s2d0jd97vegfoy66whnbaot54&dl=1,,study-data/cell-types/20104,study-data/comments/20104,study-data/meta-programs/20104,study-data/cnas/20104,study-data/umap/20104,study-data/cell-cycle/20104,['HNSCC'],SmartSeq2,1.0,['head-and-neck']
20105.0,Qian et al. 2020,Qian,2020,Breast cancer,10x,7,16537,https://www.nature.com/articles/s41422-020-0355-0,https://www.dropbox.com/scl/fi/5id5b04g3gjcjb2o28pru/Data_Qian2020_Breast.tar.gz?rlkey=asx18v32bddbdz1b2rq8vmv8w&dl=1,,study-data/cell-types/20105,study-data/comments/20105,study-data/meta-programs/20105,study-data/cnas/20105,study-data/umap/20105,study-data/cell-cycle/20105,['Breast cancer'],10x,1.0,['breast']
20106.0,Qian et al. 2020,Qian,2020,Lung cancer,10x,8,27262,https://www.nature.com/articles/s41422-020-0355-0,https://www.dropbox.com/scl/fi/361w3739nwvc89l2gx4u8/Data_Qian2020_Lung.tar.gz?rlkey=4w00kvwlnp3jz6fmmtoebao5j&dl=1,,study-data/cell-types/20106,study-data/comments/20106,study-data/meta-programs/20106,study-data/cnas/20106,study-data/umap/20106,study-data/cell-cycle/20106,['Lung cancer'],10x,1.0,['lung']
20107.0,Qian et al. 2020,Qian,2020,Ovarian,10x,4,16951,https://www.nature.com/articles/s41422-020-0355-0,https://www.dropbox.com/scl/fi/jeyhtp53n79p41oknsvdu/Data_Qian2020_Ovarian.tar.gz?rlkey=j6vcmcg0qdipzqc1dmsmsaj0w&dl=1,,study-data/cell-types/20107,study-data/comments/20107,study-data/meta-programs/20107,study-data/cnas/20107,study-data/umap/20107,study-data/cell-cycle/20107,['Ovarian'],10x,1.0,['ovarian']
20108.0,Steele et al. 2020,Steele,2020,PDAC,10x,16,48570,https://www.nature.com/articles/s43018-020-00121-4,https://www.dropbox.com/scl/fi/xnr7rs8t7edd5irc2uj66/Data_Steele2020_Pancreas.tar.gz?rlkey=ndndmzwyxf5roh1xxlprgw3mw&dl=1,,study-data/cell-types/20108,study-data/comments/20108,study-data/meta-programs/20108,study-data/cnas/20108,study-data/umap/20108,study-data/cell-cycle/20108,['PDAC'],10x,1.0,['pancreas']
20109.0,Sun et al. 2021,Sun,2021,HCC,10x,18,16498,https://www.sciencedirect.com/science/article/pii/S0092867420316135,https://www.dropbox.com/scl/fi/h2zmdzjk2c2ywswzl8688/Data_Sun2021_Liver-Biliary.tar.gz?rlkey=jer8paty8a1lbau2g3o3nk4k3&dl=1,,study-data/cell-types/20109,study-data/comments/20109,study-data/meta-programs/20109,study-data/cnas/20109,study-data/umap/20109,study-data/cell-cycle/20109,['HCC'],10x,1.0,['liverbiliary']
20110.0,Tirosh et al. 2016,Tirosh,2016,IDH-mutant oligodendroglioma,SmartSeq2,6,4347,https://www.nature.com/articles/nature20123,https://www.dropbox.com/scl/fi/uhtilmbeq2liwbe8yai1d/Data_Tirosh2016_Brain.tar.gz?rlkey=v5ees0ku3k48i0nqkquxuu5qu&dl=1,,study-data/cell-types/20110,study-data/comments/20110,study-data/meta-programs/20110,,study-data/umap/20110,study-data/cell-cycle/20110,['IDH-mutant oligodendroglioma'],SmartSeq2,0.75,['brain']
20112.0,Venteicher et al. 2017,Venteicher,2017,IDH-mutant astrocytoma,SmartSeq2,10,6341,https://science.sciencemag.org/content/355/6332/eaai8478,https://www.dropbox.com/scl/fi/cn07yybxnje6k4nh27nbe/Data_Venteicher2017_Brain.tar.gz?rlkey=4w75sdcj2mtyjm83h316x9rgs&dl=1,,study-data/cell-types/20112,study-data/comments/20112,study-data/meta-programs/20112,,study-data/umap/20112,study-data/cell-cycle/20112,['IDH-mutant astrocytoma'],SmartSeq2,0.75,['brain']
20113.0,Wang et al. 2019,Wang,2019,GBM,10x,10,16317,https://cancerdiscovery.aacrjournals.org/content/9/12/1708.long,https://www.dropbox.com/scl/fi/u7y3jo2jc1dlv4qsl1cc8/Data_Wang2019_Brain.tar.gz?rlkey=733ldgm8k5ztzfqbgdewlrynh&dl=1,,study-data/cell-types/20113,study-data/comments/20113,study-data/meta-programs/20113,study-data/cnas/20113,study-data/umap/20113,study-data/cell-cycle/20113,['GBM'],10x,1.0,['brain']
20114.0,Wu et al. 2020,Wu,2020,AML,Other,41,194571,https://jhoonline.biomedcentral.com/articles/10.1186/s13045-020-00941-y,https://www.dropbox.com/scl/fi/3h5mj2ghnf58drlyna9th/Data_Wu2020_Hematologic.tar.gz?rlkey=qvcj1912jjkccvkqy7onjctgh&dl=1,,study-data/cell-types/20114,study-data/comments/20114,study-data/meta-programs/20114,study-data/cnas/20114,study-data/umap/20114,study-data/cell-cycle/20114,['AML'],Microwell-seq,1.0,['hematologic']
20115.0,Xing et al. 2021,Xing,2021,Lung cancer,10x,31,118293,https://advances.sciencemag.org/content/7/5/eabd9738,https://www.dropbox.com/scl/fi/3ll4j9tdur4485of8s3yf/Data_Xing2021_Lung.tar.gz?rlkey=a4l934jl6hwgqo2tx8f4fuxrk&dl=1,,study-data/cell-types/20115,study-data/comments/20115,study-data/meta-programs/20115,study-data/cnas/20115,study-data/umap/20115,study-data/cell-cycle/20115,['Lung cancer'],10x,1.0,['lung']
20116.0,Yao et al. 2020,Yao,2020,ESCC,10x,6,35847,https://www.nature.com/articles/s41467-020-17492-y,https://www.dropbox.com/scl/fi/dq7l5zsn2i9wfw2d3a3lv/Data_Yao2020_Other-Models.tar.gz?rlkey=81z9fx4en3550souou8ivxixg&dl=1,,study-data/cell-types/20116,study-data/comments/20116,study-data/meta-programs/20116,,study-data/umap/20116,,['ESCC'],10x,0.5,['othermodels']
20118.0,Yu et al. 2012,Yu,2012,PDAC,Other,2,32,https://www.nature.com/articles/nature11217,https://www.dropbox.com/scl/fi/kdg9724xa0sucrll97so5/Data_Yu2012_Other-Models.tar.gz?rlkey=tn049u6yowei4acgn54agoq7t&dl=1,,,study-data/comments/20118,,,,,['PDAC'],EpCAM or IgG CTC-Chip,0.0,['othermodels']
20119.0,Yuan et al. 2018,Yuan,2018,HGG,Other,8,23793,https://genomemedicine.biomedcentral.com/articles/10.1186/s13073-018-0567-9,https://www.dropbox.com/scl/fi/wsyyrwxv3vtff25wtx6gz/Data_Yuan2018_Brain.tar.gz?rlkey=drj0tbov1yzg689rhauxj9pz7&dl=1,,study-data/cell-types/20119,study-data/comments/20119,study-data/meta-programs/20119,study-data/cnas/20119,study-data/umap/20119,study-data/cell-cycle/20119,['HGG'],Microwell array-based platform,1.0,['brain']
20120.0,Yue et al. 2020,Yue,2020,PDAC,10x,15,33970,https://www.nature.com/articles/s41588-019-0566-9,,,study-data/cell-types/20120,study-data/comments/20120,study-data/meta-programs/20120,study-data/cnas/20120,study-data/umap/20120,study-data/cell-cycle/20120,['PDAC'],10x,1.0,['pancreas']
20121.0,Zhang et al. 2021,Zhang,2021,RCC,10x,14,29474,https://www.pnas.org/content/118/24/e2103240118,https://www.dropbox.com/scl/fi/i1n8v8d0ht2p918su3akp/Data_Zhang2021_Kidney.tar.gz?rlkey=friqzf8p24qeg2cvljfb8xtly&dl=1,,study-data/cell-types/20121,study-data/comments/20121,study-data/meta-programs/20121,study-data/cnas/20121,study-data/umap/20121,study-data/cell-cycle/20121,['RCC'],10x,1.0,['kidney']
20122.0,Zhou et al. 2020,Zhou,2020,Osteosarcoma,10x,11,64557,https://www.nature.com/articles/s41467-020-20059-6,https://www.dropbox.com/scl/fi/g3ou34unwxlnt2mcm7mer/Data_Zhou2020_Sarcoma.tar.gz?rlkey=0czkg02vc89jdvt2p67iaxifq&dl=1,,study-data/cell-types/20122,study-data/comments/20122,study-data/meta-programs/20122,,study-data/umap/20122,study-data/cell-cycle/20122,['Osteosarcoma'],10x,0.75,['sarcoma']
20755.0,Azizi et al. 2018,Azizi,2018,Breast cancer,10x,58,75029,https://www.sciencedirect.com/science/article/pii/S0092867418307232,https://www.dropbox.com/scl/fi/mp70v1dyjkvzo0nx8f15m/Data_Azizi2018_Breast.tar.gz?rlkey=fsrjic2rk1dlq2rrmkgdggg72&dl=1,,study-data/cell-types/20755,study-data/comments/20755,study-data/meta-programs/20755,,study-data/umap/20755,study-data/cell-cycle/20755,['Breast cancer'],"10x, InDrop",0.75,['breast']
20758.0,Bassez et al. 2021,Bassez,2021,Breast cancer,10x,42,226635,https://www.nature.com/articles/s41591-021-01323-8,https://www.dropbox.com/scl/fi/25nrghrrkhlwu7nk994y8/Data_Bassez2021_Breast.tar.gz?rlkey=70jjyfo23omhct29rxw01v9v4&dl=1,,study-data/cell-types/20758,study-data/comments/20758,study-data/meta-programs/20758,study-data/cnas/20758,study-data/umap/20758,study-data/cell-cycle/20758,['Breast cancer'],10x,1.0,['breast']
20761.0,Biermann et al. 2022,Biermann,2022,Metastatic melanoma,10x,32,136973,https://www.cell.com/cell/fulltext/S0092-8674(22)00712-7,https://www.dropbox.com/scl/fi/y0crw564p468wp94ua8he/Data_Biermann2022_Skin.tar.gz?rlkey=xq6n55fyfsjuyqminns00eo28&dl=1,,study-data/cell-types/20761,study-data/comments/20761,study-data/meta-programs/20761,study-data/cnas/20761,,study-data/cell-cycle/20761,['Metastatic melanoma'],10x,0.75,['skin']
20764.0,Bischoff et al. 2021,Bischoff,2021,Lung adenocarcinoma,10x,20,120961,https://www.nature.com/articles/s41388-021-02054-3,https://www.dropbox.com/scl/fi/08bjhmr5b7zcr9w3qm37n/Data_Bischoff2021_Lung.tar.gz?rlkey=xlv2vwb5xenzczoo9jiktr1ry&dl=1,,study-data/cell-types/20764,study-data/comments/20764,study-data/meta-programs/20764,study-data/cnas/20764,study-data/umap/20764,study-data/cell-cycle/20764,['Lung adenocarcinoma'],10x,1.0,['lung']
20767.0,Chan et al. 2021,Chan,2021,"SCLC, Lung Adenocarcinoma",10x,37,86662,https://www.cell.com/cancer-cell/fulltext/S1535-6108(21)00497-9,https://www.dropbox.com/scl/fi/mn5xe6x5hufjy2j570r3y/Data_Chan2021_Lung.tar.gz?rlkey=gptwkhhao0yz3xw0b0olf1l9u&dl=1,,study-data/cell-types/20767,study-data/comments/20767,study-data/meta-programs/20767,study-data/cnas/20767,study-data/umap/20767,study-data/cell-cycle/20767,"['SCLC', 'Lung Adenocarcinoma']",10x,1.0,['lung']
20770.0,Chen et al. 2021,Chen,2021,Colon adenoma,inDrop,121,122811,https://www.cell.com/cell/fulltext/S0092-8674(21)01381-7,https://www.dropbox.com/scl/fi/nf2w09auzxrouwrgl49gh/Data_Chen2021_Colorectal.tar.gz?rlkey=p55t4lqltuinom3leg1fjg3v8&dl=1,,study-data/cell-types/20770,study-data/comments/20770,study-data/meta-programs/20770,,study-data/umap/20770,study-data/cell-cycle/20770,['Colon adenoma'],Modified InDrop,0.75,['colorectal']
20773.0,Choudhury et al. 2022,Choudhury,2022,Meningioma,10x,10,58843,https://www.nature.com/articles/s41588-022-01061-8,https://www.dropbox.com/scl/fi/4y8x28n9v6y5bkss3mqgu/Data_Choudhury2022_Brain.tar.gz?rlkey=3jhc85s8p3tp5jatdrauh6ka7&dl=1,,study-data/cell-types/20773,study-data/comments/20773,study-data/meta-programs/20773,study-data/cnas/20773,study-data/umap/20773,study-data/cell-cycle/20773,['Meningioma'],10x,1.0,['brain']
20776.0,Cillo et al. 2020,Cillo,2020,HNSCC,10x,48,92569,https://www.sciencedirect.com/science/article/pii/S1074761319304959,https://www.dropbox.com/scl/fi/remwxxauka7243ndqcdz3/Data_Cillo2020_Head-and-Neck.tar.gz?rlkey=r6qncup4ifdbsevbvyyaijsu2&dl=1,,study-data/cell-types/20776,study-data/comments/20776,study-data/meta-programs/20776,,study-data/umap/20776,study-data/cell-cycle/20776,['HNSCC'],10x,0.75,['head-and-neck']
20779.0,Durante et al. 2020,Durante,2020,Uveal melanoma,10x,11,103703,https://www.nature.com/articles/s41467-019-14256-1,https://www.dropbox.com/scl/fi/x1s7hmmukyp54tcah3spp/Data_Durante2020_Other-Models.tar.gz?rlkey=vjtwtnnjryncc8fw1v1boaru9&dl=1,,,study-data/comments/20779,,,,,['Uveal melanoma'],10x,0.0,['othermodels']
20785.0,Gaydosik et al. 2019,Gaydosik,2019,Cutaneous T cell lymphoma,10x,9,30497,https://aacrjournals.org/clincancerres/article/25/14/4443/81646/Single-Cell-Lymphocyte-Heterogeneity-in-Advanced,https://www.dropbox.com/scl/fi/jfqtppjry9dghjjs1adfk/Data_Gaydosik2019_Hematologic.tar.gz?rlkey=503yfk4yaebng1epvam4jz8zf&dl=1,,study-data/cell-types/20785,study-data/comments/20785,study-data/meta-programs/20785,,study-data/umap/20785,study-data/cell-cycle/20785,['Cutaneous T cell lymphoma'],10x,0.75,['hematologic']
20788.0,Geistlinger et al. 2020,Geistlinger,2020,HGSOC,10x,5,41031,https://aacrjournals.org/cancerres/article/80/20/4335/645870/Multiomic-Analysis-of-Subtype-Evolution-and,https://www.dropbox.com/scl/fi/e56qzfue93c6rvmp1uqyh/Data_Geistlinger2020_Ovarian.tar.gz?rlkey=roji3qwv7hg82cs0lumu02haw&dl=1,,study-data/cell-types/20788,study-data/comments/20788,study-data/meta-programs/20788,study-data/cnas/20788,study-data/umap/20788,study-data/cell-cycle/20788,['HGSOC'],10x,1.0,['ovarian']
20791.0,Gonzalez et al. 2022,Gonzalez,2022,Brain metastases,10x,15,99150,https://www.sciencedirect.com/science/article/abs/pii/S0092867421015658,https://www.dropbox.com/scl/fi/4tnimxs9j7x9akv8h3ofc/Data_Gonzalez2022_Other-Models.tar.gz?rlkey=936ixwyhr93i8nxrvj778ad1r&dl=1,,study-data/cell-types/20791,study-data/comments/20791,study-data/meta-programs/20791,study-data/cnas/20791,study-data/umap/20791,study-data/cell-cycle/20791,['Brain metastases'],10x,1.0,['othermodels']
20794.0,Griffiths et al. 2021,Griffiths,2021,Breast cancer,10x,95,111372,https://www.nature.com/articles/s43018-021-00215-7,https://www.dropbox.com/scl/fi/9hkznvvcnzuu2kgfixrb1/Data_Griffiths2021_Breast.tar.gz?rlkey=9jz5yz2sw99b9oq4sevfx8vmm&dl=1,,study-data/cell-types/20794,study-data/comments/20794,study-data/meta-programs/20794,,study-data/umap/20794,study-data/cell-cycle/20794,['Breast cancer'],"10x, iCell8",0.75,['breast']
20797.0,Gubin et al. 2018,Gubin,2018,Sarcoma,10x,4,14618,https://www.sciencedirect.com/science/article/pii/S009286741831242X,https://www.dropbox.com/scl/fi/w77glyhjsmt7rhm0ot0al/Data_Gubin2018_Other-Models.tar.gz?rlkey=7p2y1dwfaztf94gskok0pc5hb&dl=1,,study-data/cell-types/20797,study-data/comments/20797,,,study-data/umap/20797,,['Sarcoma'],10x,0.25,['othermodels']
20800.0,Gulati et al. 2020,Gulati,2020,Breast cancer,SmartSeq2,15,1902,https://www.science.org/doi/10.1126/science.aax0249,https://www.dropbox.com/scl/fi/hmeedphy1jw21neigzhty/Data_Gulati2020_Breast.tar.gz?rlkey=rugcfbbe0uja2ycxg19nfji5x&dl=1,,study-data/cell-types/20800,study-data/comments/20800,study-data/meta-programs/20800,,study-data/umap/20800,,['Breast cancer'],SmartSeq2,0.5,['breast']
20803.0,Guo et al. 2018,Guo,2018,NSCLC,SmartSeq2,40,12346,https://www.nature.com/articles/s41591-018-0045-3,https://www.dropbox.com/scl/fi/xm4x3thusfqi7vhqbkds6/Data_Guo2018_Lung.tar.gz?rlkey=cnxhnn4c7brjbq6cbdbo2cg5u&dl=1,,study-data/cell-types/20803,study-data/comments/20803,study-data/meta-programs/20803,,study-data/umap/20803,study-data/cell-cycle/20803,['NSCLC'],SmartSeq2,0.75,['lung']
20806.0,He et al. 2021,He,2021,Metastatic prostate cancer,SmartSeq2,15,2170,https://www.nature.com/articles/s41591-021-01244-6,https://www.dropbox.com/scl/fi/jiwf6n9iny4limv4gnc4m/Data_He2021_Prostate.tar.gz?rlkey=63d4khr3x25eeygv1kua22m5z&dl=1,,study-data/cell-types/20806,study-data/comments/20806,study-data/meta-programs/20806,study-data/cnas/20806,study-data/umap/20806,study-data/cell-cycle/20806,['Metastatic prostate cancer'],SmartSeq2,1.0,['prostate']
20809.0,Hollern et al. 2019,Hollern,2019,TNBC,10x,4,27532,https://www.sciencedirect.com/science/article/pii/S009286741931178X,https://www.dropbox.com/scl/fi/hx289ezlkryp8045upbx0/Data_Hollern2019_Other-Models.tar.gz?rlkey=tv6i6lf58jalmeflu1b2zz6v1&dl=1,,study-data/cell-types/20809,study-data/comments/20809,study-data/meta-programs/20809,,study-data/umap/20809,,['TNBC'],10x,0.5,['othermodels']
20812.0,Hwang et al. 2022,Hwang,2022,PDAC,10x,43,224988,https://www.nature.com/articles/s41588-022-01134-8,https://www.dropbox.com/scl/fi/r8jwjwepft8j6smta7boc/Data_Hwang2022_Pancreas.tar.gz?rlkey=mkbspxoy3ouu2u4bruwtlxjyg&dl=1,,study-data/cell-types/20812,study-data/comments/20812,study-data/meta-programs/20812,study-data/cnas/20812,study-data/umap/20812,study-data/cell-cycle/20812,['PDAC'],10x,1.0,['pancreas']
20815.0,Jordan et al. 2016,Jordan,2016,Breast cancer,Other,16,74,https://www.nature.com/articles/nature19328,https://www.dropbox.com/scl/fi/sx349k3typyoy7szsk37h/Data_Jordan2016_Other-Models.tar.gz?rlkey=ja31yuh11sa7y3x5kvt8ff78b&dl=1,,study-data/cell-types/20815,study-data/comments/20815,,,study-data/umap/20815,study-data/cell-cycle/20815,['Breast cancer'],,0.5,['othermodels']
20818.0,Kim et al. 2018,Kim,2018,TNBC,Other,16,2472,https://www.sciencedirect.com/science/article/pii/S0092867418303659,https://www.dropbox.com/scl/fi/qb4iao8dq4xf8388u6g4i/Data_Kim2018_Breast.tar.gz?rlkey=a4njtxj15ccbrc4wmic8oi1zw&dl=1,,study-data/cell-types/20818,study-data/comments/20818,study-data/meta-programs/20818,,study-data/umap/20818,,['TNBC'],Nanogrid,0.5,['breast']
20821.0,Krishna et al. 2021,Krishna,2021,RCC,10x,29,167283,https://www.sciencedirect.com/science/article/pii/S1535610821001653,https://www.dropbox.com/scl/fi/mdli6islnfg6x85d36bi6/Data_Krishna2021_Kidney.tar.gz?rlkey=s25mgdka6u62tt9682piosflw&dl=1,,study-data/cell-types/20821,study-data/comments/20821,study-data/meta-programs/20821,study-data/cnas/20821,study-data/umap/20821,study-data/cell-cycle/20821,['RCC'],10x,1.0,['kidney']
20824.0,Kumar et al. 2022,Kumar,2022,Gastric cancer,10x,40,158500,https://cancerdiscovery.aacrjournals.org/content/early/2021/10/11/2159-8290.CD-21-0683,https://www.dropbox.com/scl/fi/i66mqyrzfsvweq9iujx1k/Data_Kumar2022_Other-Models.tar.gz?rlkey=xdwkirtdsoyod2kdsnwfg3kwn&dl=1,,study-data/cell-types/20824,,study-data/meta-programs/20824,,study-data/umap/20824,study-data/cell-cycle/20824,['Gastric cancer'],10x,0.75,['othermodels']
20830.0,Li et al. 2019,Li,2019,Melanoma,Other,27,78336,https://www.sciencedirect.com/science/article/pii/S009286741831568X,https://www.dropbox.com/scl/fi/1krjqfommrghjugeqw3fq/Data_Li2019_Skin.tar.gz?rlkey=d4xyxgr1qxe3cx2bgd8lc5ok9&dl=1,,study-data/cell-types/20830,study-data/comments/20830,study-data/meta-programs/20830,,study-data/umap/20830,study-data/cell-cycle/20830,['Melanoma'],MARS-seq,0.75,['skin']
20833.0,Mahuron et al. 2020,Mahuron,2020,Metastatic melanoma,10x,6,27935,https://rupress.org/jem/article/217/9/e20192080/151858/Layilin-augments-integrin-activation-to-promote,https://www.dropbox.com/scl/fi/ah93wpw1hhyt1zfijamvx/Data_Mahuron2020_Skin.tar.gz?rlkey=zvsc3v5awncve7lb91zuraqbc&dl=1,,study-data/cell-types/20833,study-data/comments/20833,study-data/meta-programs/20833,,study-data/umap/20833,study-data/cell-cycle/20833,['Metastatic melanoma'],10x,0.75,['skin']
20836.0,Olbrecht et al. 2021,Olbrecht,2021,HGSTOC,10x,11,15528,https://genomemedicine.biomedcentral.com/articles/10.1186/s13073-021-00922-x,https://www.dropbox.com/scl/fi/5fhy68kme80oo22zpp7de/Data_Olbrecht2021_Ovarian.tar.gz?rlkey=m3wxolitxiawkyoieptyhi31j&dl=1,,study-data/cell-types/20836,study-data/comments/20836,study-data/meta-programs/20836,study-data/cnas/20836,study-data/umap/20836,study-data/cell-cycle/20836,['HGSTOC'],10x,1.0,['ovarian']
20839.0,Paulson et al. 2020,Paulson,2020,Merkel cell carcinoma,10x,8,31376,https://www.nature.com/articles/s41467-018-06300-3,https://www.dropbox.com/scl/fi/0semr1afsxdzb6gw0k3at/Data_Paulson2020_Skin.tar.gz?rlkey=5kxmyc2nkxzkbml4s5fgwya98&dl=1,,study-data/cell-types/20839,study-data/comments/20839,study-data/meta-programs/20839,study-data/cnas/20839,study-data/umap/20839,study-data/cell-cycle/20839,['Merkel cell carcinoma'],10x,1.0,['skin']
20842.0,Pelka et al. 2021,Pelka,2021,Colorectal cancer,10x,100,370115,https://www.sciencedirect.com/science/article/pii/S0092867421009454,https://www.dropbox.com/scl/fi/2ejgsn2w8k8antywx8npt/Data_Pelka2021_Colorectal.tar.gz?rlkey=fpcqjaa504jue0iwxj4a4vfs4&dl=1,,study-data/cell-types/20842,study-data/comments/20842,study-data/meta-programs/20842,study-data/cnas/20842,study-data/umap/20842,study-data/cell-cycle/20842,['Colorectal cancer'],10x,1.0,['colorectal']
20845.0,Raghavan et al. 2021,Raghavan,2021,PDAC,Other,53,41663,https://www.cell.com/cell/fulltext/S0092-8674(21)01332-5,https://www.dropbox.com/scl/fi/3dj4dlisn244p7x5cuobg/Data_Raghavan2021_Other-Models.tar.gz?rlkey=swlayb9eq12vppv646xhoij0m&dl=1,,study-data/cell-types/20845,study-data/comments/20845,study-data/meta-programs/20845,,study-data/umap/20845,study-data/cell-cycle/20845,['PDAC'],Seq-Well,0.75,['othermodels']
20848.0,Raghavan et al. 2021,Raghavan,2021,PDAC,Other,24,24412,https://www.cell.com/cell/fulltext/S0092-8674(21)01332-5,https://www.dropbox.com/scl/fi/rmumjt61v4qwuzbpyk68a/Data_Raghavan2021_Pancreas.tar.gz?rlkey=p0rddwz3pjkeotnk5fjzyqqd2&dl=1,,study-data/cell-types/20848,study-data/comments/20848,study-data/meta-programs/20848,study-data/cnas/20848,study-data/umap/20848,study-data/cell-cycle/20848,['PDAC'],Seq-Well,1.0,['pancreas']
20851.0,Rao et al. 2020,Rao,2020,Small intestinal neuroendocrine tumor,10x,2,4739,http://molecularcasestudies.cshlp.org/content/6/2/a004978.long,https://www.dropbox.com/scl/fi/852uzgfxzy416m6n3kvtn/Data_Rao2020_Neuroendocrine.tar.gz?rlkey=04fyx541fwvh35bmaut3l2tez&dl=1,,study-data/cell-types/20851,study-data/comments/20851,study-data/meta-programs/20851,study-data/cnas/20851,study-data/umap/20851,study-data/cell-cycle/20851,['Small intestinal neuroendocrine tumor'],10x,1.0,['neuroendocrine']
20854.0,Regner et al. 2021,Regner,2021,Ovarian and Endometrial tumors,10x,11,65144,https://www.sciencedirect.com/science/article/pii/S109727652100842X,https://www.dropbox.com/scl/fi/tf7wke99na8my6e1d4cjq/Data_Regner2021_Ovarian.tar.gz?rlkey=6a9sglp68avnj0u1z1ibfplpu&dl=1,,study-data/cell-types/20854,study-data/comments/20854,study-data/meta-programs/20854,study-data/cnas/20854,study-data/umap/20854,study-data/cell-cycle/20854,['Ovarian and Endometrial tumors'],10x,1.0,['ovarian']
20857.0,Rendeiro et al. 2020,Rendeiro,2020,CLL,10x,12,48016,https://www.nature.com/articles/s41467-019-14081-6,https://www.dropbox.com/scl/fi/ajol9vbdkw7e6vdlgegd1/Data_Rendeiro2020_Hematologic.tar.gz?rlkey=vne2fmgqrvckswqro6eiwcd0f&dl=1,,study-data/cell-types/20857,study-data/comments/20857,study-data/meta-programs/20857,,study-data/umap/20857,,['CLL'],10x,0.5,['hematologic']
20860.0,Riether et al. 2020,Riether,2020,AML,10x,4,8103,https://www.nature.com/articles/s41591-020-0910-8,https://www.dropbox.com/scl/fi/6kt1fbi0h92ha9szx24ad/Data_Riether2020_Hematologic.tar.gz?rlkey=004s3kvgqugdpx3c5a7k8l7tv&dl=1,,study-data/cell-types/20860,study-data/comments/20860,,,study-data/umap/20860,,['AML'],10x,0.25,['hematologic']
20863.0,Roider et al. 2020,Roider,2020,B cell lymphoma,10x,12,35278,https://www.nature.com/articles/s41556-020-0532-x,https://www.dropbox.com/scl/fi/dotmo635ydqmoi7g6jy9k/Data_Roider2020_Hematologic.tar.gz?rlkey=q8cp88dabilavhbyfmuq93q14&dl=1,,study-data/cell-types/20863,study-data/comments/20863,study-data/meta-programs/20863,study-data/cnas/20863,study-data/umap/20863,study-data/cell-cycle/20863,['B cell lymphoma'],10x,1.0,['hematologic']
20866.0,Sade-Feldman et al. 2018,Sade-Feldman,2018,Primary melanoma,SmartSeq2,48,16291,https://www.sciencedirect.com/science/article/pii/S0092867418313941,https://www.dropbox.com/scl/fi/nekanicidlj1ryi2ydxyz/Data_Sade-Feldman2018_Skin.tar.gz?rlkey=qqjo6r77zpyre4727wnc3q8r0&dl=1,,study-data/cell-types/20866,study-data/comments/20866,study-data/meta-programs/20866,,study-data/umap/20866,study-data/cell-cycle/20866,['Primary melanoma'],SmartSeq2,0.75,['skin']
20869.0,Savas et al. 2018,Savas,2018,TNBC,10x,2,6311,https://www.nature.com/articles/s41591-018-0078-7,https://www.dropbox.com/scl/fi/2qt1gnz4m16k9oqcf1nym/Data_Savas2018_Breast.tar.gz?rlkey=tgmvysjib0clnnhyy2furplnh&dl=1,,study-data/cell-types/20869,study-data/comments/20869,study-data/meta-programs/20869,,study-data/umap/20869,study-data/cell-cycle/20869,['TNBC'],10x,0.75,['breast']
20872.0,Sharma et al. 2020,Sharma,2020,HCC,10x,58,73589,https://www.sciencedirect.com/science/article/pii/S0092867420310825,https://www.dropbox.com/scl/fi/7z0e1w0ob471tnh1quxmz/Data_Sharma2020_Liver-Biliary.tar.gz?rlkey=hknvilto1ibp4loeal8f472pf&dl=1,,study-data/cell-types/20872,study-data/comments/20872,study-data/meta-programs/20872,,study-data/umap/20872,study-data/cell-cycle/20872,['HCC'],10x,0.75,['liverbiliary']
20875.0,Shih et al. 2018,Shih,2018,Ovarian cancer,SmartSeq2,18,3066,https://journals.plos.org/plosone/article?id=10.1371/journal.pone.0206785,https://www.dropbox.com/scl/fi/6nokx9keztpzzmi7m6hgn/Data_Shih2018_Ovarian.tar.gz?rlkey=b1m0ogls64dx66eqapoddc9ef&dl=1,,study-data/cell-types/20875,study-data/comments/20875,,study-data/cnas/20875,study-data/umap/20875,study-data/cell-cycle/20875,['Ovarian cancer'],SmartSeq2,0.75,['ovarian']
20878.0,Song et al. 2019,Song,2019,NSCLC,10x,6,8772,https://onlinelibrary.wiley.com/doi/10.1002/cam4.2113,https://www.dropbox.com/scl/fi/k7yd3cine5dmwsjgv839h/Data_Song2019_Lung.tar.gz?rlkey=y9ipfcxsu5btza7j8n2wvpnul&dl=1,,study-data/cell-types/20878,study-data/comments/20878,study-data/meta-programs/20878,study-data/cnas/20878,study-data/umap/20878,,['NSCLC'],10x,0.75,['lung']
20881.0,Song et al. 2022,Song,2022,Prostate cancer,Other,15,21743,https://www.nature.com/articles/s41467-021-27322-4,https://www.dropbox.com/scl/fi/5s1dheawh1e06hq2x50c9/Data_Song2022_Prostate.tar.gz?rlkey=mppjo7fese8taaxhyftionwn1&dl=1,,study-data/cell-types/20881,study-data/comments/20881,study-data/meta-programs/20881,study-data/cnas/20881,study-data/umap/20881,study-data/cell-cycle/20881,['Prostate cancer'],Seq-Well S3,1.0,['prostate']
20884.0,Steen et al. 2021,Steen,2021,DLBCL,10x,10,18197,https://www.cell.com/cancer-cell/fulltext/S1535-6108(21)00451-7,https://www.dropbox.com/scl/fi/25daxap2fv90knsbo8llo/Data_Steen2021_Hematologic.tar.gz?rlkey=ulbpn755ahzk9zfzfp9oj4vut&dl=1,,study-data/cell-types/20884,study-data/comments/20884,study-data/meta-programs/20884,study-data/cnas/20884,study-data/umap/20884,study-data/cell-cycle/20884,['DLBCL'],10x,1.0,['hematologic']
20887.0,Sun et al. 2021,Sun,2021,HCC CTCs,SmartSeq2,10,113,https://www.nature.com/articles/s41467-021-24386-0,https://www.dropbox.com/scl/fi/h1ojqztn4mxeuu6jemjvl/Data_Sun2021_Other-Models.tar.gz?rlkey=rf8wgaxsiys3wp177tqzkq3ft&dl=1,,study-data/cell-types/20887,study-data/comments/20887,,,study-data/umap/20887,study-data/cell-cycle/20887,['HCC CTCs'],SmartSeq2,0.5,['othermodels']
20890.0,Tang-Huau et al. 2018,Tang-Huau,2018,Ovarian cancer,10x,4,8404,https://www.nature.com/articles/s41467-018-04985-0,https://www.dropbox.com/scl/fi/6g78ztso1nquk84j9lv39/Data_Tang-Huau2018_Ovarian.tar.gz?rlkey=glh7c3ztq1g7rjmrb3t0s1sp8&dl=1,,study-data/cell-types/20890,study-data/comments/20890,,,study-data/umap/20890,study-data/cell-cycle/20890,['Ovarian cancer'],10x,0.5,['ovarian']
20893.0,Wu et al. 2021,Wu,2021,Breast cancer,10x,26,100064,https://www.nature.com/articles/s41588-021-00911-1,https://www.dropbox.com/scl/fi/tedg9e7b3x92tyd8kub5l/Data_Wu2021_Breast.tar.gz?rlkey=pftfny91obekk99h1hdad2wyn&dl=1,,study-data/cell-types/20893,study-data/comments/20893,study-data/meta-programs/20893,study-data/cnas/20893,study-data/umap/20893,study-data/cell-cycle/20893,['Breast cancer'],10x,1.0,['breast']
20896.0,Yost et al. 2019,Yost,2019,"BCC, SCC",10x,30,79046,https://www.nature.com/articles/s41591-019-0522-3,https://www.dropbox.com/scl/fi/i6tsjrqpou3oshuckl1bx/Data_Yost2019_Skin.tar.gz?rlkey=nueyzcdrjtnorevswcj7qpc6v&dl=1,,study-data/cell-types/20896,study-data/comments/20896,study-data/meta-programs/20896,study-data/cnas/20896,study-data/umap/20896,study-data/cell-cycle/20896,"['BCC', 'SCC']",10x,1.0,['skin']
20899.0,Zhang et al. 2018,Zhang,2018,Colorectal cancer,SmartSeq2,33,11138,https://www.nature.com/articles/s41586-018-0694-x,https://www.dropbox.com/scl/fi/eymfll83lzfg9vaon4zjy/Data_Zhang2018_Colorectal.tar.gz?rlkey=t10p0jb1scri0ibri71us18pz&dl=1,,study-data/cell-types/20899,study-data/comments/20899,study-data/meta-programs/20899,,study-data/umap/20899,study-data/cell-cycle/20899,['Colorectal cancer'],SmartSeq2,0.75,['colorectal']
20902.0,Zhang et al. 2019,Zhang,2019,Gastric cancer,10x,13,56440,https://www.sciencedirect.com/science/article/pii/S221112471930525X,https://www.dropbox.com/scl/fi/6nliacnqf4b46bg4so7p7/Data_Zhang2019_Other-Models.tar.gz?rlkey=50d3zby5p07b9ybzvwo9zwt9q&dl=1,,study-data/cell-types/20902,,study-data/meta-programs/20902,study-data/cnas/20902,study-data/umap/20902,study-data/cell-cycle/20902,['Gastric cancer'],10x,1.0,['othermodels']
20905.0,Zhang et al. 2019,Zhang,2019,Follicular lymphoma,10x,4,7002,https://www.nature.com/articles/s41592-019-0529-1,https://www.dropbox.com/scl/fi/mzap4shm86a00web6noev/Data_Zhang2019_Hematologic.tar.gz?rlkey=t0bdidcd4m9028hbiok0jxvah&dl=1,,study-data/cell-types/20905,study-data/comments/20905,study-data/meta-programs/20905,study-data/cnas/20905,study-data/umap/20905,study-data/cell-cycle/20905,['Follicular lymphoma'],10x,1.0,['hematologic']
20908.0,Zhang et al. 2019,Zhang,2019,HCC,10x,42,73261,https://www.sciencedirect.com/science/article/pii/S0092867419311195,https://www.dropbox.com/scl/fi/9zumng7o9jddfsqffu6yt/Data_Zhang2019_Liver-Biliary.tar.gz?rlkey=tot9jxh1jkpwvuprgsd2qd2i5&dl=1,,study-data/cell-types/20908,study-data/comments/20908,study-data/meta-programs/20908,,study-data/umap/20908,study-data/cell-cycle/20908,['HCC'],"10x, SmartSeq2",0.75,['liverbiliary']
20911.0,Zhang et al. 2019,Zhang,2019,HGSOC,10x,2,4848,https://www.nature.com/articles/s41592-019-0529-1,https://www.dropbox.com/scl/fi/xodvbb2ozhyde2rm83q9c/Data_Zhang2019_Ovarian.tar.gz?rlkey=r2p1s9uj370854h226llzxpt6&dl=1,,study-data/cell-types/20911,study-data/comments/20911,study-data/meta-programs/20911,study-data/cnas/20911,study-data/umap/20911,study-data/cell-cycle/20911,['HGSOC'],10x,1.0,['ovarian']
20914.0,Zhang et al. 2022,Zhang,2022,HGSOC,10x,22,51786,https://www.science.org/doi/10.1126/sciadv.abm1831,https://www.dropbox.com/scl/fi/o3z53txjhsh8jdxmfd0bt/Data_Zhang2022_Ovarian.tar.gz?rlkey=jd6qix1ntvu0tnasy6nbois5o&dl=1,,study-data/cell-types/20914,study-data/comments/20914,study-data/meta-programs/20914,,study-data/umap/20914,study-data/cell-cycle/20914,['HGSOC'],10x,0.75,['ovarian']
20917.0,Zheng et al. 2017,Zheng,2017,HCC,10x,17,5063,https://www.sciencedirect.com/science/article/pii/S0092867417305962,https://www.dropbox.com/scl/fi/mhgb601qt0ngrfupjiwpw/Data_Zheng2017_Liver-Biliary.tar.gz?rlkey=yy4cqa6q0nwhdnlqs6uozcird&dl=1,,study-data/cell-types/20917,study-data/comments/20917,study-data/meta-programs/20917,,study-data/umap/20917,study-data/cell-cycle/20917,['HCC'],10x,0.75,['liverbiliary']
20920.0,Zilionis et al. 2019,Zilionis,2019,NSCLC,inDrop,7,31179,https://www.sciencedirect.com/science/article/pii/S1074761319301268,https://www.dropbox.com/scl/fi/ot0tjg6254ne6hqzp11zv/Data_Zilionis2019_Lung.tar.gz?rlkey=kxqcfab6vaj043bvfkiepx2w9&dl=1,,study-data/cell-types/20920,study-data/comments/20920,study-data/meta-programs/20920,study-data/cnas/20920,study-data/umap/20920,study-data/cell-cycle/20920,['NSCLC'],inDrop,1.0,['lung']
133103.0,Ferrari de Andrade et al. 2019,Andrade,2019,Metastatic melanoma,10x,12,40823,https://insight.jci.org/articles/view/133103,https://www.dropbox.com/scl/fi/rvuoz5u690543hmo8osth/Data_Ferrari-de-Andrade2019_Skin.tar.gz?rlkey=zmhwl6g7gwv3xxx7qi3r1lrp7&dl=1,,study-data/cell-types/20782,study-data/comments/20782,study-data/meta-programs/20782,,study-data/umap/20782,study-data/cell-cycle/20782,['Metastatic melanoma'],10x,0.75,['skin']
6256973.0,Cui et al. 2021,Cui,2021,Pituitary neuroendocrine tumors,Other,23,2679,https://academic.oup.com/neuro-oncology/advance-article/doi/10.1093/neuonc/noab102/6256973,https://www.dropbox.com/scl/fi/5kzi47q86o48l9ez4mbns/Data_Cui2021_Other-Models.tar.gz?rlkey=owdiz8asjpnakhkc5aah34n7d&dl=1,,study-data/cell-types/20057,study-data/comments/20057,study-data/meta-programs/20057,,study-data/umap/20057,study-data/cell-cycle/20057,['Pituitary neuroendocrine tumors'],STRT seq,0.75,['othermodels']
